epoch,loss,psnr,val_loss,val_psnr
0,420.0605101628406,24.345507294356178,284.51052830361914,26.96659306909284
