epoch,loss,psnr,val_loss,val_psnr
0,287.6128022994263,26.5060671342931,181.036616734096,29.592626408875983
